{
"lengthUnit": "mil",
"remark": [],
"components": {
	"fields": ["COMPONENT_NO", "COMPONENT_NAME", "LAYER", "X_COORDINATE", "Y_COORDINATE", "ANGLE"],
	"rows": [
		[1, "2N7000", "T", 7095, -885, 90],
		[2, "5V", "T", 3400, -375, 0],
		[3, "10K", "T", 3880, -815, 0],
		[4, "10K", "T", 3880, -970, 0],
		[5, "10K", "T", 6795, -1300, 270],
		[6, "74HC08N", "T", 5935, -1000, 270],
		[7, "74HC14N", "T", 4685, -995, 270],
		[8, "74HC74N", "T", 5375, -995, 270],
		[9, "74HC153N", "T", 6470, -1000, 270],
		[10, "680ohm", "T", 4370, -755, 90],
		[11, "GND", "T", 3390, -1695, 0],
		[12, "LED1", "T", 7425, -880, 90],
		[13, "SW1", "T", 4185, -1255, 270]
	]
},
"pins": {
	"fields": ["PIN_NO", "PIN_NAME", "PIN_X", "PIN_Y", "LAYER", "PIN_TYPE", "NET_NAME", "NET_TYPE", "PAD_SHAPE", "PAD_SIZEX", "PAD_SIZEY", "HOLE_SIZE", "HOLE_LEN", "PAD_ANGLE"],
	"rows": [
		[1, "2N7000_1", 7095, -935, "T", "DIP", "NET_1", "", "R", 35.433, 62.992, 27.56, 27.56, 90],
		[2, "2N7000_1", 7095, -935, "B", "DIP", "NET_1", "", "R", 35.433, 62.992, 27.56, 27.56, 90],
		[3, "2N7000_2", 7095, -885, "T", "DIP", "NET_2", "", "O", 35.433, 62.992, 27.56, 27.56, 90],
		[4, "2N7000_2", 7095, -885, "B", "DIP", "NET_2", "", "O", 35.433, 62.992, 27.56, 27.56, 90],
		[5, "2N7000_3", 7095, -835, "T", "DIP", "NET_3", "", "O", 35.433, 62.992, 27.56, 27.56, 90],
		[6, "2N7000_3", 7095, -835, "B", "DIP", "NET_3", "", "O", 35.433, 62.992, 27.56, 27.56, 90],
		[7, "5V_1", 3400, -375, "T", "DIP", "NET_4", "", "R", 55.118, 55.118, 35.434, 35.434, 0],
		[8, "5V_1", 3400, -375, "B", "DIP", "NET_4", "", "R", 55.118, 55.118, 35.434, 35.434, 0],
		[9, "10K_1", 3738.27, -815, "T", "DIP", "NET_5", "", "C", 47.244, 47.244, 31.496, 31.496, 0],
		[10, "10K_1", 3738.27, -815, "B", "DIP", "NET_5", "", "C", 47.244, 47.244, 31.496, 31.496, 0],
		[11, "10K_2", 4021.73, -815, "T", "DIP", "NET_6", "", "C", 47.244, 47.244, 31.496, 31.496, 0],
		[12, "10K_2", 4021.73, -815, "B", "DIP", "NET_6", "", "C", 47.244, 47.244, 31.496, 31.496, 0],
		[13, "10K_1", 3738.27, -970, "T", "DIP", "NET_7", "", "C", 47.244, 47.244, 31.496, 31.496, 0],
		[14, "10K_1", 3738.27, -970, "B", "DIP", "NET_7", "", "C", 47.244, 47.244, 31.496, 31.496, 0],
		[15, "10K_2", 4021.73, -970, "T", "DIP", "NET_8", "", "C", 47.244, 47.244, 31.496, 31.496, 0],
		[16, "10K_2", 4021.73, -970, "B", "DIP", "NET_8", "", "C", 47.244, 47.244, 31.496, 31.496, 0],
		[17, "10K_1", 6795, -1158.27, "T", "DIP", "NET_9", "", "C", 47.244, 47.244, 31.496, 31.496, 270],
		[18, "10K_1", 6795, -1158.27, "B", "DIP", "NET_9", "", "C", 47.244, 47.244, 31.496, 31.496, 270],
		[19, "10K_2", 6795, -1441.73, "T", "DIP", "NET_10", "", "C", 47.244, 47.244, 31.496, 31.496, 270],
		[20, "10K_2", 6795, -1441.73, "B", "DIP", "NET_10", "", "C", 47.244, 47.244, 31.496, 31.496, 270],
		[21, "74HC08N_1", 5769.65, -700, "T", "DIP", "NET_11", "", "R", 63, 63, 32, 32, 270],
		[22, "74HC08N_1", 5769.65, -700, "B", "DIP", "NET_11", "", "R", 63, 63, 32, 32, 270],
		[23, "74HC08N_2", 5769.65, -800, "T", "DIP", "NET_12", "", "C", 63, 63, 32, 32, 270],
		[24, "74HC08N_2", 5769.65, -800, "B", "DIP", "NET_12", "", "C", 63, 63, 32, 32, 270],
		[25, "74HC08N_3", 5769.65, -900, "T", "DIP", "NET_13", "", "C", 63, 63, 32, 32, 270],
		[26, "74HC08N_3", 5769.65, -900, "B", "DIP", "NET_13", "", "C", 63, 63, 32, 32, 270],
		[27, "74HC08N_4", 5769.65, -1000, "T", "DIP", "NET_14", "", "C", 63, 63, 32, 32, 270],
		[28, "74HC08N_4", 5769.65, -1000, "B", "DIP", "NET_14", "", "C", 63, 63, 32, 32, 270],
		[29, "74HC08N_5", 5769.65, -1100, "T", "DIP", "NET_15", "", "C", 63, 63, 32, 32, 270],
		[30, "74HC08N_5", 5769.65, -1100, "B", "DIP", "NET_15", "", "C", 63, 63, 32, 32, 270],
		[31, "74HC08N_6", 5769.65, -1200, "T", "DIP", "NET_16", "", "C", 63, 63, 32, 32, 270],
		[32, "74HC08N_6", 5769.65, -1200, "B", "DIP", "NET_16", "", "C", 63, 63, 32, 32, 270],
		[33, "74HC08N_7", 5769.65, -1300, "T", "DIP", "NET_17", "", "C", 63, 63, 32, 32, 270],
		[34, "74HC08N_7", 5769.65, -1300, "B", "DIP", "NET_17", "", "C", 63, 63, 32, 32, 270],
		[35, "74HC08N_8", 6100.35, -1300, "T", "DIP", "NET_18", "", "C", 63, 63, 32, 32, 270],
		[36, "74HC08N_8", 6100.35, -1300, "B", "DIP", "NET_18", "", "C", 63, 63, 32, 32, 270],
		[37, "74HC08N_9", 6100.35, -1200, "T", "DIP", "NET_19", "", "C", 63, 63, 32, 32, 270],
		[38, "74HC08N_9", 6100.35, -1200, "B", "DIP", "NET_19", "", "C", 63, 63, 32, 32, 270],
		[39, "74HC08N_10", 6100.35, -1100, "T", "DIP", "NET_20", "", "C", 63, 63, 32, 32, 270],
		[40, "74HC08N_10", 6100.35, -1100, "B", "DIP", "NET_20", "", "C", 63, 63, 32, 32, 270],
		[41, "74HC08N_11", 6100.35, -1000, "T", "DIP", "NET_21", "", "C", 63, 63, 32, 32, 270],
		[42, "74HC08N_11", 6100.35, -1000, "B", "DIP", "NET_21", "", "C", 63, 63, 32, 32, 270],
		[43, "74HC08N_12", 6100.35, -900, "T", "DIP", "NET_22", "", "C", 63, 63, 32, 32, 270],
		[44, "74HC08N_12", 6100.35, -900, "B", "DIP", "NET_22", "", "C", 63, 63, 32, 32, 270],
		[45, "74HC08N_13", 6100.35, -800, "T", "DIP", "NET_23", "", "C", 63, 63, 32, 32, 270],
		[46, "74HC08N_13", 6100.35, -800, "B", "DIP", "NET_23", "", "C", 63, 63, 32, 32, 270],
		[47, "74HC08N_14", 6100.35, -700, "T", "DIP", "NET_24", "", "C", 63, 63, 32, 32, 270],
		[48, "74HC08N_14", 6100.35, -700, "B", "DIP", "NET_24", "", "C", 63, 63, 32, 32, 270],
		[49, "74HC14N_1", 4519.65, -695, "T", "DIP", "NET_25", "", "R", 63, 63, 32, 32, 270],
		[50, "74HC14N_1", 4519.65, -695, "B", "DIP", "NET_25", "", "R", 63, 63, 32, 32, 270],
		[51, "74HC14N_2", 4519.65, -795, "T", "DIP", "NET_26", "", "C", 63, 63, 32, 32, 270],
		[52, "74HC14N_2", 4519.65, -795, "B", "DIP", "NET_26", "", "C", 63, 63, 32, 32, 270],
		[53, "74HC14N_3", 4519.65, -895, "T", "DIP", "NET_27", "", "C", 63, 63, 32, 32, 270],
		[54, "74HC14N_3", 4519.65, -895, "B", "DIP", "NET_27", "", "C", 63, 63, 32, 32, 270],
		[55, "74HC14N_4", 4519.65, -995, "T", "DIP", "NET_28", "", "C", 63, 63, 32, 32, 270],
		[56, "74HC14N_4", 4519.65, -995, "B", "DIP", "NET_28", "", "C", 63, 63, 32, 32, 270],
		[57, "74HC14N_5", 4519.65, -1095, "T", "DIP", "NET_29", "", "C", 63, 63, 32, 32, 270],
		[58, "74HC14N_5", 4519.65, -1095, "B", "DIP", "NET_29", "", "C", 63, 63, 32, 32, 270],
		[59, "74HC14N_6", 4519.65, -1195, "T", "DIP", "NET_30", "", "C", 63, 63, 32, 32, 270],
		[60, "74HC14N_6", 4519.65, -1195, "B", "DIP", "NET_30", "", "C", 63, 63, 32, 32, 270],
		[61, "74HC14N_7", 4519.65, -1295, "T", "DIP", "NET_31", "", "C", 63, 63, 32, 32, 270],
		[62, "74HC14N_7", 4519.65, -1295, "B", "DIP", "NET_31", "", "C", 63, 63, 32, 32, 270],
		[63, "74HC14N_8", 4850.35, -1295, "T", "DIP", "NET_32", "", "C", 63, 63, 32, 32, 270],
		[64, "74HC14N_8", 4850.35, -1295, "B", "DIP", "NET_32", "", "C", 63, 63, 32, 32, 270],
		[65, "74HC14N_9", 4850.35, -1195, "T", "DIP", "NET_33", "", "C", 63, 63, 32, 32, 270],
		[66, "74HC14N_9", 4850.35, -1195, "B", "DIP", "NET_33", "", "C", 63, 63, 32, 32, 270],
		[67, "74HC14N_10", 4850.35, -1095, "T", "DIP", "NET_34", "", "C", 63, 63, 32, 32, 270],
		[68, "74HC14N_10", 4850.35, -1095, "B", "DIP", "NET_34", "", "C", 63, 63, 32, 32, 270],
		[69, "74HC14N_11", 4850.35, -995, "T", "DIP", "NET_35", "", "C", 63, 63, 32, 32, 270],
		[70, "74HC14N_11", 4850.35, -995, "B", "DIP", "NET_35", "", "C", 63, 63, 32, 32, 270],
		[71, "74HC14N_12", 4850.35, -895, "T", "DIP", "NET_36", "", "C", 63, 63, 32, 32, 270],
		[72, "74HC14N_12", 4850.35, -895, "B", "DIP", "NET_36", "", "C", 63, 63, 32, 32, 270],
		[73, "74HC14N_13", 4850.35, -795, "T", "DIP", "NET_37", "", "C", 63, 63, 32, 32, 270],
		[74, "74HC14N_13", 4850.35, -795, "B", "DIP", "NET_37", "", "C", 63, 63, 32, 32, 270],
		[75, "74HC14N_14", 4850.35, -695, "T", "DIP", "NET_38", "", "C", 63, 63, 32, 32, 270],
		[76, "74HC14N_14", 4850.35, -695, "B", "DIP", "NET_38", "", "C", 63, 63, 32, 32, 270],
		[77, "74HC74N_1", 5225, -695, "T", "DIP", "NET_39", "", "R", 59.055, 78.74, 39.37, 39.37, 270],
		[78, "74HC74N_1", 5225, -695, "B", "DIP", "NET_39", "", "R", 59.055, 78.74, 39.37, 39.37, 270],
		[79, "74HC74N_2", 5225, -795, "T", "DIP", "NET_40", "", "O", 59.055, 78.74, 39.37, 39.37, 270],
		[80, "74HC74N_2", 5225, -795, "B", "DIP", "NET_40", "", "O", 59.055, 78.74, 39.37, 39.37, 270],
		[81, "74HC74N_3", 5225, -895, "T", "DIP", "NET_41", "", "O", 59.055, 78.74, 39.37, 39.37, 270],
		[82, "74HC74N_3", 5225, -895, "B", "DIP", "NET_41", "", "O", 59.055, 78.74, 39.37, 39.37, 270],
		[83, "74HC74N_4", 5225, -995, "T", "DIP", "NET_42", "", "O", 59.055, 78.74, 39.37, 39.37, 270],
		[84, "74HC74N_4", 5225, -995, "B", "DIP", "NET_42", "", "O", 59.055, 78.74, 39.37, 39.37, 270],
		[85, "74HC74N_5", 5225, -1095, "T", "DIP", "NET_43", "", "O", 59.055, 78.74, 39.37, 39.37, 270],
		[86, "74HC74N_5", 5225, -1095, "B", "DIP", "NET_43", "", "O", 59.055, 78.74, 39.37, 39.37, 270],
		[87, "74HC74N_6", 5225, -1195, "T", "DIP", "NET_44", "", "O", 59.055, 78.74, 39.37, 39.37, 270],
		[88, "74HC74N_6", 5225, -1195, "B", "DIP", "NET_44", "", "O", 59.055, 78.74, 39.37, 39.37, 270],
		[89, "74HC74N_7", 5225, -1295, "T", "DIP", "NET_45", "", "O", 59.055, 78.74, 39.37, 39.37, 270],
		[90, "74HC74N_7", 5225, -1295, "B", "DIP", "NET_45", "", "O", 59.055, 78.74, 39.37, 39.37, 270],
		[91, "74HC74N_8", 5525, -1295, "T", "DIP", "NET_46", "", "O", 59.055, 78.74, 39.37, 39.37, 270],
		[92, "74HC74N_8", 5525, -1295, "B", "DIP", "NET_46", "", "O", 59.055, 78.74, 39.37, 39.37, 270],
		[93, "74HC74N_9", 5525, -1195, "T", "DIP", "NET_47", "", "O", 59.055, 78.74, 39.37, 39.37, 270],
		[94, "74HC74N_9", 5525, -1195, "B", "DIP", "NET_47", "", "O", 59.055, 78.74, 39.37, 39.37, 270],
		[95, "74HC74N_10", 5525, -1095, "T", "DIP", "NET_48", "", "O", 59.055, 78.74, 39.37, 39.37, 270],
		[96, "74HC74N_10", 5525, -1095, "B", "DIP", "NET_48", "", "O", 59.055, 78.74, 39.37, 39.37, 270],
		[97, "74HC74N_11", 5525, -995, "T", "DIP", "NET_49", "", "O", 59.055, 78.74, 39.37, 39.37, 270],
		[98, "74HC74N_11", 5525, -995, "B", "DIP", "NET_49", "", "O", 59.055, 78.74, 39.37, 39.37, 270],
		[99, "74HC74N_12", 5525, -895, "T", "DIP", "NET_50", "", "O", 59.055, 78.74, 39.37, 39.37, 270],
		[100, "74HC74N_12", 5525, -895, "B", "DIP", "NET_50", "", "O", 59.055, 78.74, 39.37, 39.37, 270],
		[101, "74HC74N_13", 5525, -795, "T", "DIP", "NET_51", "", "O", 59.055, 78.74, 39.37, 39.37, 270],
		[102, "74HC74N_13", 5525, -795, "B", "DIP", "NET_51", "", "O", 59.055, 78.74, 39.37, 39.37, 270],
		[103, "74HC74N_14", 5525, -695, "T", "DIP", "NET_52", "", "O", 59.055, 78.74, 39.37, 39.37, 270],
		[104, "74HC74N_14", 5525, -695, "B", "DIP", "NET_52", "", "O", 59.055, 78.74, 39.37, 39.37, 270],
		[105, "74HC153N_1", 6313.7, -650, "T", "DIP", "NET_53", "", "R", 66.929, 66.929, 39.37, 39.37, 0],
		[106, "74HC153N_1", 6313.7, -650, "B", "DIP", "NET_53", "", "R", 66.929, 66.929, 39.37, 39.37, 0],
		[107, "74HC153N_2", 6313.7, -750, "T", "DIP", "NET_54", "", "C", 66.929, 66.929, 39.37, 39.37, 0],
		[108, "74HC153N_2", 6313.7, -750, "B", "DIP", "NET_54", "", "C", 66.929, 66.929, 39.37, 39.37, 0],
		[109, "74HC153N_3", 6313.7, -850, "T", "DIP", "NET_55", "", "C", 66.929, 66.929, 39.37, 39.37, 0],
		[110, "74HC153N_3", 6313.7, -850, "B", "DIP", "NET_55", "", "C", 66.929, 66.929, 39.37, 39.37, 0],
		[111, "74HC153N_4", 6313.7, -950, "T", "DIP", "NET_56", "", "C", 66.929, 66.929, 39.37, 39.37, 0],
		[112, "74HC153N_4", 6313.7, -950, "B", "DIP", "NET_56", "", "C", 66.929, 66.929, 39.37, 39.37, 0],
		[113, "74HC153N_5", 6313.7, -1050, "T", "DIP", "NET_57", "", "C", 66.929, 66.929, 39.37, 39.37, 0],
		[114, "74HC153N_5", 6313.7, -1050, "B", "DIP", "NET_57", "", "C", 66.929, 66.929, 39.37, 39.37, 0],
		[115, "74HC153N_6", 6313.7, -1150, "T", "DIP", "NET_58", "", "C", 66.929, 66.929, 39.37, 39.37, 0],
		[116, "74HC153N_6", 6313.7, -1150, "B", "DIP", "NET_58", "", "C", 66.929, 66.929, 39.37, 39.37, 0],
		[117, "74HC153N_7", 6313.7, -1250, "T", "DIP", "NET_59", "", "C", 66.929, 66.929, 39.37, 39.37, 0],
		[118, "74HC153N_7", 6313.7, -1250, "B", "DIP", "NET_59", "", "C", 66.929, 66.929, 39.37, 39.37, 0],
		[119, "74HC153N_8", 6313.7, -1350, "T", "DIP", "NET_60", "", "C", 66.929, 66.929, 39.37, 39.37, 0],
		[120, "74HC153N_8", 6313.7, -1350, "B", "DIP", "NET_60", "", "C", 66.929, 66.929, 39.37, 39.37, 0],
		[121, "74HC153N_9", 6626.3, -1350, "T", "DIP", "NET_61", "", "C", 66.929, 66.929, 39.37, 39.37, 0],
		[122, "74HC153N_9", 6626.3, -1350, "B", "DIP", "NET_61", "", "C", 66.929, 66.929, 39.37, 39.37, 0],
		[123, "74HC153N_10", 6626.3, -1250, "T", "DIP", "NET_62", "", "C", 66.929, 66.929, 39.37, 39.37, 0],
		[124, "74HC153N_10", 6626.3, -1250, "B", "DIP", "NET_62", "", "C", 66.929, 66.929, 39.37, 39.37, 0],
		[125, "74HC153N_11", 6626.3, -1150, "T", "DIP", "NET_63", "", "C", 66.929, 66.929, 39.37, 39.37, 0],
		[126, "74HC153N_11", 6626.3, -1150, "B", "DIP", "NET_63", "", "C", 66.929, 66.929, 39.37, 39.37, 0],
		[127, "74HC153N_12", 6626.3, -1050, "T", "DIP", "NET_64", "", "C", 66.929, 66.929, 39.37, 39.37, 0],
		[128, "74HC153N_12", 6626.3, -1050, "B", "DIP", "NET_64", "", "C", 66.929, 66.929, 39.37, 39.37, 0],
		[129, "74HC153N_13", 6626.3, -950, "T", "DIP", "NET_65", "", "C", 66.929, 66.929, 39.37, 39.37, 0],
		[130, "74HC153N_13", 6626.3, -950, "B", "DIP", "NET_65", "", "C", 66.929, 66.929, 39.37, 39.37, 0],
		[131, "74HC153N_14", 6626.3, -850, "T", "DIP", "NET_66", "", "C", 66.929, 66.929, 39.37, 39.37, 0],
		[132, "74HC153N_14", 6626.3, -850, "B", "DIP", "NET_66", "", "C", 66.929, 66.929, 39.37, 39.37, 0],
		[133, "74HC153N_15", 6626.3, -750, "T", "DIP", "NET_67", "", "C", 66.929, 66.929, 39.37, 39.37, 0],
		[134, "74HC153N_15", 6626.3, -750, "B", "DIP", "NET_67", "", "C", 66.929, 66.929, 39.37, 39.37, 0],
		[135, "74HC153N_16", 6626.3, -650, "T", "DIP", "NET_68", "", "C", 66.929, 66.929, 39.37, 39.37, 0],
		[136, "74HC153N_16", 6626.3, -650, "B", "DIP", "NET_68", "", "C", 66.929, 66.929, 39.37, 39.37, 0],
		[137, "680ohm_1", 4370, -896.73, "T", "DIP", "NET_69", "", "C", 47.244, 47.244, 31.496, 31.496, 90],
		[138, "680ohm_1", 4370, -896.73, "B", "DIP", "NET_69", "", "C", 47.244, 47.244, 31.496, 31.496, 90],
		[139, "680ohm_2", 4370, -613.27, "T", "DIP", "NET_70", "", "C", 47.244, 47.244, 31.496, 31.496, 90],
		[140, "680ohm_2", 4370, -613.27, "B", "DIP", "NET_70", "", "C", 47.244, 47.244, 31.496, 31.496, 90],
		[141, "GND_1", 3390, -1695, "T", "DIP", "NET_71", "", "R", 55.118, 55.118, 35.434, 35.434, 0],
		[142, "GND_1", 3390, -1695, "B", "DIP", "NET_71", "", "R", 55.118, 55.118, 35.434, 35.434, 0],
		[143, "LED1_1", 7425, -930, "T", "DIP", "NET_72", "", "C", 60, 60, 35.434, 35.434, 90],
		[144, "LED1_1", 7425, -930, "B", "DIP", "NET_72", "", "C", 60, 60, 35.434, 35.434, 90],
		[145, "LED1_2", 7425, -830, "T", "DIP", "NET_73", "", "C", 60, 60, 35.434, 35.434, 90],
		[146, "LED1_2", 7425, -830, "B", "DIP", "NET_73", "", "C", 60, 60, 35.434, 35.434, 90],
		[147, "SW1_1", 4035, -1205, "T", "DIP", "NET_74", "", "C", 55.118, 55.118, 31.496, 31.496, 270],
		[148, "SW1_1", 4035, -1205, "B", "DIP", "NET_74", "", "C", 55.118, 55.118, 31.496, 31.496, 270],
		[149, "SW1_2", 4035, -1305, "T", "DIP", "NET_75", "", "C", 55.118, 55.118, 31.496, 31.496, 270],
		[150, "SW1_2", 4035, -1305, "B", "DIP", "NET_75", "", "C", 55.118, 55.118, 31.496, 31.496, 270],
		[151, "SW1_3", 4335, -1305, "T", "DIP", "NET_76", "", "C", 55.118, 55.118, 31.496, 31.496, 270],
		[152, "SW1_3", 4335, -1305, "B", "DIP", "NET_76", "", "C", 55.118, 55.118, 31.496, 31.496, 270],
		[153, "SW1_4", 4335, -1205, "T", "DIP", "NET_77", "", "C", 55.118, 55.118, 31.496, 31.496, 270],
		[154, "SW1_4", 4335, -1205, "B", "DIP", "NET_77", "", "C", 55.118, 55.118, 31.496, 31.496, 270]
	]
}
}